19.707978164129138,-2.5410216263892815,-18.79781573340496,-6.559757982925895,-15.761384849494332,-14.461022044910356,-17.22949937715686,2.197024288426779,-5.702436381863756,-9.679303614152158,-10.663288709079028,-1.66651674400848,-5.929474790304315,0.7629553982180058,7.817415126746699,10.852517594895579,12.446783368536082,9.713632258184203,10.727227168917311,10.670398519623319,11.532492669675898,10.462982888102598,8.836658896806409,10.3739363420393,9.645851460343398,10.066541815685355,Female
17.592653454246996,-2.883114518579436,-23.049772226307333,-7.0142680718423,-6.488597431138155,-12.66641260834803,-8.164541445741913,-4.799784328774619,-11.939115777147924,-10.707227604357131,-7.985930576536169,-3.2869802292650414,-1.6740531095002829,1.5857715065698603,11.2056386430016,14.947370460808509,15.554814528631324,13.155578776021324,15.67623033669548,11.837038361924115,14.268515285264558,11.401301514484707,11.476268882237344,11.13235032914041,9.987499486707225,9.311736323212042,Female
15.961687492814814,4.920537884809998,-9.41189463275062,-5.754534787783418,-18.94049018349461,-6.041547675282893,-9.258322109327322,-0.7533353672538471,0.21210139195007807,-0.5043378221490906,-3.0289997797485975,-3.9029067880737482,0.16133972188723458,1.5043050921939376,6.980380998653716,10.436251058119318,11.410844362381095,11.602027368877811,11.0280535916203,10.033848342433442,11.064788075254478,11.250508685173982,9.322938157203106,10.19322351901129,11.120869038781057,8.428054268339041,Female
18.204892512706234,-11.875547925332665,-13.628891560558921,2.1626087279339767,-19.522803136294055,-12.845565749373248,-1.0048651286864032,-14.418405164105188,-8.809668389292465,-4.222603109707795,-3.9062484454810185,-11.01797708981981,5.017563736580321,1.5698009621487643,9.943976090148215,12.641193827462505,15.88614401121036,12.114771779266682,15.942117266706926,12.04070596184891,14.788739360584453,12.202631348763129,12.136235176773026,11.451409685244844,11.703893608169352,11.265727117516155,Female
16.105400468257436,-5.658557669412437,-0.5189225613725691,0.2246206002098913,-7.2112484913165416,4.762475552135375,-4.690504430180682,-0.9954776735318333,-4.218543564059442,-1.3169380630887793,-5.369517019391122,-5.175704616050819,1.2323471370159342,3.1618558372192167,17.457559301523013,16.237721650016233,16.10696879634629,18.761302017833014,15.30506931957343,18.596546278458714,20.281633240654973,15.76625496904824,13.854735794487567,15.47931831998878,16.273643295425927,12.247356233035326,Female
18.87080010876724,-4.337037667239887,-30.66515374566443,-13.988973090698952,-13.855451709516341,-13.021503552292105,-2.9335401484374817,14.839512873010273,-1.503812993303835,-0.16577450283112286,-7.36483580218839,-6.845889965650926,0.22092874812340907,1.7766302534704266,7.164781068956561,9.573590554479422,15.105879568072284,9.284540107084272,16.559707955157055,14.637928688604186,13.008819117304903,10.708969556218207,10.299320709898304,12.95909047101799,8.410752208681691,8.466132212063888,Female
16.60709833605398,-13.286076503390992,-20.285712405514996,2.5261376802777056,-18.37301874075791,-0.16193585237341573,-5.6601651162073585,-2.665137232057202,1.3256766123421873,2.552187140686451,-2.2766436679906294,-2.6438484772899375,-0.30837209837380375,2.5446368136942583,4.514012414903898,10.970915556878108,10.277898206207022,13.21039687868156,12.921133277636487,10.476685263526672,11.11720577572527,11.772388058740807,11.084527314259637,9.712503562544619,10.04458472861634,8.331519570936885,Female
18.36966584171381,-19.877108192452965,-15.330697513480741,-0.8810040985685772,-12.025631261972036,-15.877139995090491,2.4807156960839962,-6.378261331726373,3.7923564854248464,-1.3290022200266336,-9.73415916121042,-12.440781235820015,-2.593646970934624,1.5815157259041257,7.038975680334071,10.931772354190096,9.719951621125041,12.163368095571622,14.438248854263998,11.344379733501528,10.572864715894429,13.07346944559912,10.622153487105534,9.902785211565924,10.137688206906052,9.785651661972398,Female
19.512845756028877,-18.113935872028176,-32.528555449383035,-14.067474180591468,-4.746027667602178,0.8688206624769693,-2.817654255600263,8.05680742206108,-5.350449173307014,-1.078911501127381,-5.436463829583964,-0.41069151249448277,-3.1377512390945963,0.8269217326221251,5.559016001716364,9.861879240120492,6.517184937302974,6.972140310313422,9.904425756715195,8.502431569257377,7.469888957098164,7.303743354885487,6.3458915790766435,7.6330328108449805,6.479928989367431,5.820733552043445,Female
16.94903508341283,-5.078124880351815,-18.13966519500559,-11.137218461101352,-22.65131871961558,-12.764863770777906,-23.09534847573637,6.984862692728585,-5.318288747739814,0.11458860720485889,0.8161775909742699,2.0824328535445455,3.262942908388028,1.6580139580845554,8.712559988477661,10.404129532577366,12.440764400768872,9.345418530158252,13.558898081670383,12.417670910246974,12.54998012527244,14.511442947841816,9.89934494517856,13.041621848047233,9.309202069274896,10.655232748781716,Female
16.808599701608145,14.453391572695319,-11.942709910617053,4.277459586251313,-5.794812606524149,-16.350381475544122,-0.4045047060423931,-17.851902610837087,-0.690827156976686,-0.3974910811059878,6.865712787288076,-3.488988581563125,2.510427647052532,1.842204742427632,5.212484264412662,9.970649886231143,10.311577895198392,11.85682912645488,13.0457798964872,10.369751068935393,11.914742523378765,12.216613434670721,8.296217266120125,8.870307870984467,10.637461754102665,11.433601434157724,Female
15.409784431287454,-10.402356339459521,-15.204751865651899,-8.113652078819362,-11.93546399118123,-14.431019421823642,-9.848417393427573,3.017727292618573,-1.5779018482476632,0.7443938707052289,-3.5063235892974767,-9.391705027407566,-2.1059051283281747,1.6451143277680937,7.1832417487461715,11.655546052078698,10.396126611071637,13.5704329990324,11.975285508111538,11.455262631228425,9.419556796104484,11.275482640037042,10.074975988909191,11.032991195008256,9.97699536019037,7.793300249030875,Female
-8.829380695474208,-3.9825127674708414,2.1432782796120655,1.0968351678345134,-4.067241813377036,-5.258548680143344,-4.586752067577809,-1.563673435212318,-5.708792703534502,1.8535500184531464,-0.7438388882248937,-2.18784686397468,-1.3087037537880923,25.835334511040966,15.204186643540787,10.604090981203276,12.167949761554315,11.725486881049301,13.686764559665546,10.282380428946023,11.146540361337873,10.814715354059922,8.580970323658002,7.423235013431095,8.080855512084318,5.619389842774081,Female
14.096614515929163,2.55181176470652,-20.62466546188759,-14.301195557669775,-23.83325327452751,-10.687926145443873,-14.576431083888554,-0.96209578873913,0.6466092510814788,3.831305801386703,-11.30264362718665,-6.261487453045682,-4.127296086165928,1.438358884192684,6.772501979796928,5.443389969423304,6.8845449481738505,6.63735816311145,8.549895044165506,8.928024052689942,8.43363479364059,11.646953419472835,9.225427330204777,8.588963484569874,7.439986471583103,6.830373579491101,Female
16.146881251596984,-4.466227307524846,-16.110187699237805,-0.7757585572703836,-2.5313192311685313,-4.966311435072172,-1.7332205262935183,0.1723405714730579,-2.712955713640074,5.954092871821111,3.914642210791989,-2.2027557329628515,-0.909082473467037,2.9802457808111997,10.916194279654045,16.633455878571905,13.009038323352135,16.068238916515007,15.260574050187,16.24312777378843,12.514566922902887,10.80055702048274,10.555233219676733,11.394313888290327,9.374353678779139,12.556043291734861,Female
15.93795881923034,-3.047061880102051,-12.171381327113647,0.4899564850710909,-24.87158750263891,-7.302420264353744,-15.01890102441843,10.208880322477196,-6.339355093017481,-5.091934808489132,-11.971815392463219,-10.653426752898302,-4.8169752286784675,2.820640109154822,14.530775278688665,13.873648325262781,12.952093761542816,15.992195061894845,15.8138811729567,12.67594951504378,15.629730126539021,12.957175283923677,12.096769657445432,12.93476435199662,10.281983676641794,9.372955556847353,Female
15.398949968089392,-1.769246042189968,-10.826572684233566,-6.324615281121805,-17.775608864433774,-10.0173016876105,-8.016969212232484,-0.5916284724356649,-7.816240766796452,-2.460778302540236,-8.560115891069536,-5.082926810058126,-3.349179769517912,3.247589922604972,13.613533151286362,13.819229225050856,14.291251375113477,14.141008402502955,14.534160288594475,14.555748851156634,12.280870606043663,12.678396258027858,10.065620051183844,10.955357211632544,11.564404474327302,9.185579189594733,Female
20.859143509246266,-10.888795383468755,-28.96657449976139,-9.507284597510937,-20.291329038393858,3.4932233782619373,-8.154857007738345,0.473804210151318,-7.488545473927141,-3.711440017215729,-7.73662916593501,-0.6838606589356309,3.758232079095698,1.7860897597280394,5.475695886010149,9.859974243740343,10.294771741426464,9.997489974034718,16.531784538222553,10.702358703950749,10.869195247093474,9.640061148045307,6.555469013542495,7.951939830487174,7.572003414983426,7.385267944795538,Female
18.462182118880623,-12.675107820537445,-19.77337014752936,-12.199236549796614,-15.32882573682788,-9.081261859463465,-11.907221345667324,-3.6649150968537625,-0.03939680640531093,-2.877894697953244,-7.879525108637236,-3.0336048849000754,-3.954279949666617,1.4955563926560131,5.05916760322241,9.739591607025996,8.699084806115545,8.748108225240632,12.414377612412403,8.770577055205477,10.012676705361514,9.510985294314922,10.393244368544408,9.400599444800733,8.970454873459207,9.864975191600257,Female
20.175398541354983,-0.11814122861234969,-16.616196489147608,-24.503427689314332,-12.745990950685174,-3.793607463966872,-11.436258039798773,1.4314334168832699,-8.029625191785222,1.546953668308237,-10.11005216733536,1.2363205729894031,1.1945413352440855,2.7300532761509273,6.00836654991203,8.817113518189503,9.643799981855725,9.725855098112447,11.84999771726122,9.581997024375218,9.894793098676711,10.206703144219704,9.860205938899849,10.577244541408833,8.767139549356223,8.109267281385918,Female
17.879837480154883,-6.351284926162187,-9.532392721168891,3.5118691785568488,-15.490038213642848,-0.4178624490899408,-10.506541466534646,-3.3103242680623235,-7.013945817091284,1.5574747424622106,-2.972039204634815,1.5366913223983278,-1.4899371404959618,1.0446414717603705,4.092206009526904,7.433178624270074,7.857097652983681,8.636758142368082,10.084703969879202,8.078593524578547,8.451484805887437,9.596388336196357,8.937070429329841,8.838125268137354,8.169404125310239,8.163703702574448,Female
13.517033483479358,-18.84995512969827,-13.824870991253402,2.98248763748979,-15.932657543286577,-6.466789114786614,-17.142449374372664,-8.909918537218841,3.1021900996327885,1.7940665821998818,-4.525922721877769,-8.553419464448105,-12.290524125601063,2.072915755807523,11.976488271479356,11.982467525961194,13.671007540941684,11.1155622008064,13.095695245537877,13.948488039842195,12.33562313094071,15.325995973593674,10.742927007102459,11.498861582512813,11.429096871720787,8.491661591973065,Female
12.102547113528038,0.9633861608284108,-24.578882341254843,18.433864390062418,-32.168565979430696,-4.588776103411908,-13.720297583401637,-5.0094014476197,-1.7535542000350641,-0.9970538662325823,-8.59008785714657,-14.511675826890976,3.814550534549193,1.5437232999121553,14.630644233962807,11.825254207520896,12.300680348570754,10.322246115966905,14.009257839894726,11.953204250686355,10.711717822406314,10.4169646361541,8.756767522383097,10.459252520293418,8.087828198572131,7.69036840252441,Female
17.234284484980325,4.258743222276732,-4.379925834574327,-10.088860199231224,-10.963550025604967,-16.855146484718688,-7.027044504450469,5.945003369728454,-4.886437144275559,-3.158962512406102,-10.886695094937041,-11.503059002033007,-8.248346366876524,2.018771625255785,13.86911058007419,14.041804274938313,11.632986720480947,14.322077277218709,15.333088219069799,11.712636946535374,13.355673077154684,9.87071863333844,11.375842876180567,11.882271676925821,9.57800467458272,7.907545743347043,Female
17.340398003405955,21.216912540630343,-18.705239830221934,4.50528892778372,-12.038268768879185,-12.210127031218642,4.5749429737273575,5.817118249000851,12.966435485274973,12.992008058530919,4.065676761292313,3.6017256149961745,12.195761724025441,2.827365565836588,6.694219386357974,9.148117733734475,16.626046591483536,17.55568495818177,22.294442722790723,17.516394529954212,12.35796492062404,12.638839710543529,10.732993319824509,9.553775224838748,9.505747279379616,9.914687029378875,Female
20.87445182394471,-12.013806146896652,-26.258538395960716,11.93236397282872,-34.941448182276254,-9.78255831322692,-2.0851654945317244,-13.496444175132671,2.755887598672463,9.967116716298575,-10.320729208477728,3.868056568407407,-5.990669299616728,2.5093358967380412,11.891440769210012,10.913841442789527,16.1744004308579,11.44934915963311,12.40945211855282,15.094802928204427,14.86878009240673,13.002132885782203,11.35311964046422,11.694151606090488,12.257012891656528,12.164690935161085,Female
15.271410210660601,-17.41282209369179,-11.580763235662461,6.588355390671537,-8.957789940760815,-4.921943552588453,-6.036068870649331,12.137028452639292,3.2846460601970198,5.233324668722821,4.281530432155472,3.0967547171359735,2.922659621090512,1.622657615558615,9.626757368423497,12.447161981588286,14.142475220602144,15.177070200543954,14.509441015698663,13.501278049201154,12.57847458471126,12.077539128594756,9.938717208224901,9.659816619121054,9.230121829692347,8.020602962653623,Female
16.265659993784872,12.75420905765403,-8.138796688360959,-11.442507466983955,-9.434896829676152,-15.480077998722049,-13.460894497456446,-0.7891160682242645,-7.290048607913603,-6.250703554761974,-11.16383863834789,-7.387334402544865,-4.811013266052244,2.2794089148325165,13.862325213263391,13.533287861167773,11.576445753828505,9.99398377171407,14.732606308683248,11.53421535565983,13.561039322667396,10.648991243273402,10.531024018023592,11.095038861609336,11.006829306321878,9.584271257120903,Female
15.260903622482951,-5.803469656106969,-21.567765601951145,-8.387073954686734,-17.271273770266674,-13.805144476051408,-6.451863137433946,4.413207608194063,-7.682786987727108,-1.5110297973129594,-6.829561615892334,-2.0585556393153963,-0.9306063266084532,2.376913015663159,10.06952005805452,12.685738421179828,11.607125283028079,9.158141913593825,16.419620159250783,13.212643352555592,10.454397237006736,9.607313367971965,10.077215156569084,9.36480584043385,9.416369546303432,8.99305696133116,Female
14.9258936191203,4.882675305551224,-10.404058100970618,-10.579380545041635,-0.8584682795554244,-20.809090851350586,-11.385371090947604,-2.81843456504219,-10.14030940293903,-0.12442093276584405,-5.205479031340841,-3.884542779074953,-2.482850787206155,2.7289362210478747,12.612544032692353,13.609911886128183,14.180331193793997,11.408380301441818,16.93228723830088,11.743589091007518,11.803720391608609,11.898900636694911,11.194098892926991,11.732300945902342,10.578598587963246,9.75423041095572,Female
-4.716127837631155,-12.142074174056926,-7.587242566351283,-0.5065516922227561,-8.635315958576397,-5.725083539842786,-7.507274816831237,-2.0045850873066557,-5.746072617941219,-1.8164076545052263,-5.068504282965327,-4.273440698153706,-2.619721197861864,21.274485638376987,11.286860312881366,10.815966893982823,8.58521797473407,10.729394615766578,10.550087138846617,9.755266342469179,8.298587599224783,8.329619055705512,6.974061980293453,8.519233726187437,8.028087148674848,7.4457519989105,Female
18.656587811556694,-11.939082357712536,-10.774856658599342,-10.563938667145662,-11.217874691369618,-4.341699152978577,-8.21321314923773,4.176135401545169,-3.6265611268827005,-0.15848776733939773,-7.963767418120104,-4.152795188865826,-7.747916867144848,1.4448854152584227,9.958382080497158,10.650759503809386,9.283197253646915,8.05492387264231,9.199117266648479,9.205798086586523,8.75182927624855,9.254942404094308,9.05158720058988,9.821647398005874,7.344158235313751,7.3482727532790975,Female
21.484838441066373,-1.6253830414436745,-39.29110022713689,-0.5801604054745583,-7.140547604447948,-0.4020785765326879,4.442896436768675,-0.5353466688829521,-1.8873554545724904,-1.5845600320449456,-8.552632562825568,0.9176466349104239,2.2900113731445644,0.8903593583074948,6.5225937493291815,9.261808254712822,9.6220780082942,9.296306387086243,11.44750757707073,13.829377709561273,10.007037205671681,14.458199898880133,12.442413793036863,10.92143307675861,12.342085103093108,13.977748340704025,Female
20.216797217802213,-2.565618636800229,-23.149794820695522,-12.732979745176966,-15.718353316957415,-5.839956220608443,-6.351108890036099,-3.423653695708189,-13.410307131196573,-12.449901842038754,-8.209779225875097,1.1914749185382427,-4.479137612007653,0.7326576786619072,8.197739026322887,12.680560415918265,10.323624609475122,9.474342741227817,14.519767856522135,9.62112221001145,9.77831331932776,10.291078632853534,9.799215922528512,8.760819056795148,11.55147177766748,8.826709937757467,Female
16.30509366895112,1.138709459518517,-17.412216253715947,-16.546367638533336,-22.227734116269538,-9.840832370008927,0.9870335963230199,4.014849955930091,-1.7559513507171223,-8.288795138954132,-9.242699934209252,0.6762582647116107,3.875817245242693,13.819007525873234,4.642601282208631,7.856693791488945,9.419342830783258,9.329376241643848,14.309263548176984,10.200798989797885,11.198866633811102,8.922741724370738,9.449380602943755,11.684774592756307,8.84255810113136,7.7421486817272145,Female
17.7025992114553,-2.607939545422889,-11.39824477282317,0.20442095669513308,-21.26901735750838,-5.658054640130865,-17.061013174161584,5.341812410563102,-8.256259723185506,-2.873058865942933,-0.34947591224977426,-8.703159756186261,-1.5165072365563084,2.823858794601635,13.754831223298169,16.208260841483195,12.369871160003738,15.53901762634707,13.724016486278101,19.064737846512436,15.174174079347425,11.01721812459223,10.50591741192714,10.733537381905181,12.244227690761878,9.572599109095483,Female
17.806552218281556,-0.01721092792651663,-21.122647498955494,4.555790873960139,-31.860915479992215,8.373708536477249,-22.321889426880393,9.821267789761682,-18.759527372163625,4.80994423279033,-12.77841059107224,-3.5107952861379164,1.8474073385600422,2.6126308101532256,11.458922285157776,10.866992491146556,11.684103667660292,11.42230547334293,15.926576739599914,11.004865095660783,12.681708597378009,14.395217790313218,11.01266257780413,13.741117189575725,12.455261665903421,11.905676216274378,Female
17.222640183470705,-3.6669702511909237,-18.51606868223144,-7.9752020582472785,-19.62869180880678,-12.025184967017504,-10.901580849489656,-0.5541761030873912,-4.35165492117114,-6.879450712662787,-5.847819176311907,-3.2832424318612246,1.0318683022939414,1.673748909359326,14.380943705501718,13.38953472632954,14.831130257180881,15.544879544845099,15.322978968291757,14.67595297955529,12.499644547592133,13.315303135139239,12.20449179830692,9.95651843097282,9.520449015560862,10.029728474271948,Female
16.322130790729226,-11.519530683505167,-14.509079672293817,-3.1686076716864897,-12.351167386259966,-6.036477730268975,-7.089482255183331,0.9421614960574226,6.465716204493943,-4.313880533144877,-6.204732505819392,-4.2246264115033325,-1.8849678101599214,2.1453859896536116,7.83262496906852,14.962633388765436,12.873193949966238,14.626349580334557,12.486905338002023,14.895914179478122,11.329488311001406,10.447644468668509,9.760968938354623,11.658653998734358,10.083254300709184,7.963334849471484,Female
19.789631453266313,-12.94301088120503,-22.634139230944413,-10.548440355389543,-17.773386492425132,3.727104049459625,-13.5188718561901,3.991477740301209,-6.672133798516588,1.5785328548622182,-4.429619081926899,-1.7860720352617694,-5.795388067779562,1.1761322702190953,8.786329759608048,12.657009204722504,12.35487467743669,11.675221789410903,18.458985843731703,15.162465858843841,13.49190937471877,13.323701161044326,13.317399244518802,12.662564859678664,11.403526060093526,10.749142274699055,Female
14.619018885535757,-7.876421100481017,-2.9710585206970928,2.7742700001302887,-10.3114370477204,-7.983465320689595,-7.576896765650991,1.105402200540622,-1.7714492068814591,-8.64812921720324,-5.534604497813454,-2.236543644288536,-6.980993753411392,1.4932007039620159,6.935683258284559,11.584297597969805,10.380314088408424,11.643209153268026,13.911318225692966,9.991535856720816,9.89128589246199,11.08128740772725,9.777951564076117,9.443218881531845,9.682712809919451,7.549329034605192,Female
14.629680789922059,-6.832633896425853,-7.657004826152992,-12.660483077158021,-8.508027902865837,-6.860345073582752,-9.320888823757812,6.058721005327176,-7.736803598452234,0.11633353612988433,-12.641202280047152,-3.694064596139367,-3.9620654040261,2.8916816620439074,15.571191198465417,13.336759761206192,13.105061982385903,14.136664136923677,13.340332281891518,11.293950629260692,10.232197028204578,10.92299703955393,11.253354010657068,13.138956761104096,9.140113203490777,8.735438537717908,Female
16.171030301302785,5.192026205416241,-17.02508305151972,-13.220591424975837,-25.18829403826272,-9.076249335871708,-13.341503319908124,0.3673239296984546,-8.01480992717652,-6.741795629297845,-2.82951940841752,-5.307137157820807,-6.36609639415985,1.7690593961183902,7.9265349706261405,7.545389593266792,11.19461601216545,8.181507873978578,13.88582510793488,11.784523712977487,11.475945871675206,12.487853196578829,11.174559420471704,13.285067223839016,10.218259219133902,8.746769440940488,Female
19.531686784094997,-4.474551398012337,2.694148836750537,4.457927594955511,-11.615286828832875,-3.7942027492294383,-11.921204295402958,3.295502774523117,-7.373133745598104,0.2177789005547315,-9.8874131335336,-4.454109783782376,-8.47187147649703,0.8757254407440284,4.113321652817363,10.270537366081284,10.243831800707728,7.750641970449067,8.896134629926234,7.730584752212518,9.548533477114331,8.979322866450664,8.557849843767903,10.3552517811525,10.098060716184035,8.83865573770926,Female
14.267295260632862,-1.8389502973343348,-1.9775736738656182,-7.208108212561425,-9.755575713023863,-5.683927669066531,-14.13563084474434,0.7941478536251337,-9.022175670106602,-3.972263342908225,-11.205810149399447,-3.0800857773233044,-4.032458299703981,2.3502071074329507,14.938346807881617,15.435904219030837,15.26614099351138,17.559039190782116,14.009333878689121,13.72971160234373,12.965788101260415,11.505966568589175,10.93047044062902,11.348837044541256,10.207357581650799,8.411942719604419,Female
18.245293158207122,2.1637770727123207,-10.555626692874421,-4.792885705410619,-25.500702614278282,-2.8515934810899144,-13.663259587635537,1.2890543730758928,-4.89604779169018,2.5393668852274875,-3.588679215045311,-9.844457579402976,-6.214543928610008,2.159231471509339,11.64277272453768,14.271339876840576,14.351103862589744,15.523513846414861,14.743340917132203,14.859515116206445,12.736466135651803,12.047468827806,11.03067820525404,11.155782958568542,11.226913549411467,9.629221630130969,Female
14.561357696525581,1.537266786514859,-12.27613829099605,-11.894322243524917,-12.410940652019443,-14.56049128459445,-5.971717793099347,2.676107293456722,-5.422794673166562,-0.21639799055265707,-7.450297096731672,-9.059147762008278,-4.235198236051295,10.692778549113397,13.386421679208103,13.747562583264843,13.579048868152404,14.081070184201955,14.176622650133293,14.766326101456967,10.520392367005137,13.873054456316408,10.188548034552934,10.545313260898377,9.610813433446378,7.519406477625977,Female
19.894524922917896,7.6358680945078445,-21.098497035218138,2.2782540343932443,-29.66526943067087,-0.8552142927367161,-14.976439225927546,1.9793997217753405,-12.433033199308921,0.27411136370063793,-7.785796927129769,-6.6511500787521625,-4.300531313504788,1.5221584021588104,5.243455266348756,6.681640329780628,11.295784503589836,7.274650199345737,11.994933449901717,12.711212097395201,10.502767324007722,11.306857792791961,11.64939728903607,10.328098359200819,9.578242205003836,9.689118440057314,Female
19.31297188527852,-11.25156837495548,-19.80833767363738,-4.594598930667509,-20.516161509445098,-6.584774061850606,-9.16017628810027,-3.2904462920755218,4.798571385490893,-7.766993262881222,-3.8260501995826233,-6.850641619261045,-1.4421365688876482,2.0748616222276772,12.207481251869613,13.918718792196719,12.161106723895701,13.137650618628275,15.393579819403717,12.515858876450269,14.223593821508397,14.456415004164205,10.29225106397869,14.311690617501752,10.543083516902293,10.580646002879643,Female
20.803312776011023,-8.319284950674378,-23.66364408740171,-9.375468436758917,-15.639699274053436,-2.9356852173177455,-10.689768380781342,4.458240265114088,-0.9638443958875516,-5.313042079417121,-6.786515756509802,-6.512522937913649,-0.6136946837234162,1.8001711181231597,8.399758457008943,10.198952035847075,10.931318113350331,11.94762873684581,17.338028964042675,13.108047502197332,15.511067580919264,11.126950542942197,13.69723606209956,11.93284294225567,13.695050044010397,13.235556186112662,Female
18.802900323210206,-2.7798732360747143,-20.15497507188837,4.627384409507651,-18.258732203120257,-1.0122255737959565,-13.029912214193153,-4.77006942842101,-20.419542380394574,7.184666199801047,-12.451641233235492,3.825285946018916,-9.068823388593527,2.027124139131125,9.568953749275577,11.459639558753294,11.4325746970469,8.41751616615293,17.32615492735459,11.851382963975368,11.960088607153745,15.068652750509235,11.809244668650576,13.169360805740608,13.650073622729462,13.370070301556074,Female
21.066869711913093,-8.992475157739717,-30.731616597271227,-10.58760152368935,-27.963483117263326,13.179038387091966,-7.772760992963068,9.135696775823455,-1.7500133107595672,0.8056891544858568,-10.152939772858844,-0.8920309980717919,-3.707238550591519,0.8606784727480613,6.507153590850106,6.926782186289195,8.593916766647473,8.32303530966549,12.143200686924406,14.259438325718698,11.969690501824964,10.904012287122361,8.481131322073036,9.22845688529058,8.550435519282987,9.83346006654007,Female
17.83321431979559,-11.386149585569443,-17.29708749542997,-11.698513053139195,-7.335119268538936,-5.266738484660209,-11.500080708843038,-2.808016075752211,-10.321775441098223,-2.03050116511333,-5.387584983086464,-8.338606374257719,-0.8177526177179296,2.3174914890462164,12.20710204216811,13.658123195818185,16.178165220305353,12.464570790469178,15.59174262613488,13.927908088582072,13.616796118997359,12.304000173476958,11.316582019189756,12.43159729207935,9.692748443548465,9.52738831610583,Female
18.727880173352013,-6.2970382413159784,-10.21646712278832,3.6767840393288056,-26.274895318082812,-12.268188435575105,-18.859097675530155,-4.700041171647086,-3.588044547941065,-10.887298617534292,-10.461277858664358,-15.412805370948107,1.0455743006434521,1.551786575076327,7.1076392556582615,12.953141515406145,11.452038822219604,12.735309258725469,11.077266136343201,10.838119320390337,10.560876273832058,10.731007777273323,11.022902554351742,10.77163133304154,9.158434468885224,9.5266824872134,Female
15.885084023421662,-3.462226734283993,-9.942331952964754,-0.4696781047540029,-19.40369192690871,-16.202529122760666,-16.40249928292932,6.0199145662803835,-0.4549875890888665,-0.40246604476537085,1.6099628087139708,-5.855311208332053,-4.978505837580616,2.7421486895612595,14.75456745860226,18.163626033539813,14.554214568620027,15.163286794445701,15.02929384005669,14.39707816073962,12.98264823508257,13.441233322771307,10.56699400056993,12.151288366316807,12.272417794355764,9.667453128963677,Female
17.79479467887285,-10.603161246170226,-18.6688840335579,3.88998199399648,-27.056211030189623,-6.159202222493438,-12.955176597518596,-1.0009407648603381,2.8014638258133506,-4.514277296063634,-11.005715147808976,-4.163976062835744,-0.6037659019154614,2.403146167925157,10.814671831743668,12.385434859133692,15.792069600015456,15.971313231660089,15.847440130017565,11.871300581722723,14.358689330856297,12.945936472802444,10.622022695941086,12.414788719829243,13.177126838656989,10.570323056766464,Female
15.84322931272225,-3.1052003458141355,-19.891329490923944,0.8204388397835062,-12.201017791286143,-4.282895874960596,-4.834432616180448,-1.7935565908408213,-11.187218275989423,4.181622299312058,-13.009430945075964,-4.1819402852685235,-5.7640313940355545,2.3533208353691912,8.45555252055328,10.573993990965004,15.896530061871811,12.327830174309899,17.7527403261963,13.341359687170458,12.681242851632534,13.046566327647016,12.614866506809513,9.699408789128997,10.71110645228746,9.741120123561089,Female
15.963154898860267,-13.34428536074024,-19.262743524283547,1.7517206995487569,-19.45264407078295,-8.593181070442398,-17.34433125685082,4.20500954699346,5.296083716328342,0.9915859346115538,-3.0817833705039432,-3.4234382940868553,-10.046167432278157,1.384779874042137,6.248217021855399,9.462968160100692,11.517918058043383,10.695471289146738,9.78557186279731,10.441424941918457,8.743276356305406,11.607637856105686,10.510714850027068,10.111100185526599,8.010930439666302,7.707051308717435,Female
18.269255812476285,-3.2423789359263253,-6.972170983483087,3.1189819437999318,-12.71907741136626,-8.164593006516139,-7.56420275916621,-1.7078966077216977,-4.0161047351171995,-6.947964798703831,-12.4892202053395,-10.939451502191197,-11.74762763100737,1.3997142068810238,6.42630727983155,11.570475368148337,11.058946513877967,12.083258719125768,10.946862301350178,9.92671450657372,12.631828716983494,10.502824355913928,10.527419818480768,9.804075728771037,8.140578036981928,10.074103449034883,Female
17.087501061448663,-15.017685990292541,-17.001755435316475,-6.06427041340546,-22.370579042339948,-1.285313553888642,-19.946968123182263,-3.851177993823868,-1.1588842042537402,-3.3654224431296904,-4.570957255605671,-1.229681529191496,-1.3961092705116878,1.725402471518519,8.423498604281479,9.193552604937382,9.717504391173922,10.519738539818325,12.500558621184194,10.268507770953905,10.562329977117322,9.936608667733381,11.370442670506586,11.064972983240585,10.04570213560744,9.730323781818829,Female
16.092314732331133,-0.4609770368497246,-11.237579984497065,-1.9148126299324817,-19.708557926407696,-5.48963939221127,-8.956543443652023,2.5861283711028356,-1.8847371518930436,-0.503167538637438,-6.392949948961751,-2.8072911034045203,-6.236407129982544,2.8633248528071733,15.773660755094587,15.451074879002567,15.526572442204227,17.588338451038968,16.256685034640565,13.967655759842216,13.955633450918484,11.712850880485927,14.04048829803171,11.919898928093543,9.908411747850947,8.748310028060622,Female
19.254406443731234,-22.504991580971137,2.2819585828933895,-1.609208284720523,-7.083319973202584,-16.494097868345616,-15.129711922705981,-6.372609888341236,-10.843312241736138,-7.25919643206621,-8.434059736522071,-2.1621906913072926,-6.405096885013301,2.3201121250686856,9.131554801311227,10.116949448570011,9.895890821670546,13.242841607380292,13.7636936420704,13.42612584487289,14.575075044927015,11.86180615925283,14.201643179500815,10.014507416383475,12.779641879170008,8.177161634868838,Female
19.84519217880463,-2.7448237941942804,-38.65764336718363,-10.841497329479495,-11.577166171101073,-1.4192697269051846,2.4814683057174514,5.553731222009251,-2.3116236201260976,-17.447979500160905,-8.45312913630492,1.9110937697466286,0.04930284505424908,0.8679443849406167,6.539387390870483,8.918961738041048,7.556238552106436,8.417377632477683,14.727930645489186,10.468373792266505,11.035441931914821,10.778534706025109,9.837000575961758,10.099660025687106,9.834417766051631,11.831393581992295,Female
14.25183203669081,-10.951145407567042,-21.03946188391017,2.4245986896752942,-15.152096707643679,-12.1507342828042,-16.507431912984043,-4.064499180700579,-8.007699136049276,-5.120410981101589,-1.1174575519741279,-8.07571967390905,-4.821005983302743,1.7026892594629146,9.577690537882381,13.92358844790007,12.536185966829478,11.41391318318368,13.450366844935449,10.770129945339667,11.909539561170556,11.671230595402115,11.113930919966117,11.46652046285636,8.82399842492042,9.715750137145974,Female
16.77531551112718,-11.231664753510476,1.5124727870302657,-0.3593131243895847,-16.546146923914705,-12.357214511538478,-14.73296674808695,1.4436693573927712,-6.549197394181555,-4.391455927663999,-8.182885566986984,-5.800655510793261,-3.8980985587260815,1.8331393438326575,17.188196427331565,16.02683016191093,12.661667725299031,11.93572451044584,16.078617212109723,13.128359966649665,13.69700023370268,15.38763037640279,11.480898046541531,13.657234843662977,10.408731114440426,9.33195461964141,Female
16.339067298244135,-4.20583283007751,-9.911387880151636,-2.5768753081441784,-11.059959291097913,-9.04990128328091,-7.665192644347094,-0.3673079336518952,-7.770150950676218,-6.229780862001562,-8.410736619510097,-3.848091210450116,-4.208689296750874,2.017992439956839,10.397689509448762,9.621114647126833,12.345451181223469,11.844552018818899,11.626152590938451,10.7366444270868,9.17105622867639,10.568940919374603,10.735857425008689,10.229434406881898,9.154391879295403,8.530133755356818,Female
-13.884736335533423,-3.571456185482727,-4.053111668415834,3.0207838706988746,-7.668870645333546,-4.890758189143585,-7.284430852046266,-4.3402288524237,-0.5162685340419968,-2.049280678286739,-6.16990274812363,-0.42197592376731274,-3.5001108908527154,26.38805997224286,10.220574691453649,10.90071224468387,12.08692418633534,14.15620980202437,11.750901862788892,11.577365942006388,9.388224941372245,10.146680478920455,9.3279454682475,12.098662618976618,7.9542054973795215,7.772684897377125,Female
15.37467471791827,-11.963078505177663,-26.677698125293865,13.995716343204164,-16.946836101825234,-15.852177927114287,-31.286327987492818,-3.314371754474211,11.89695557019304,-9.908114427603955,3.215526724292817,-2.9250426535697653,-4.965854876042301,2.499821974845594,9.359568905457937,10.774384652919963,13.328554533631086,13.27940004863377,15.20838778024455,13.699869031539775,11.945975725142345,12.033842583502706,10.21098275738739,11.541629606948126,10.084903005659877,9.175070417088815,Female
8.406605765250307,-20.44570629976177,-21.581229334266126,-8.14542760724429,-8.766015923924003,-3.7859837894142467,-4.468256387455221,-1.760592903533257,-1.7776120375052773,-4.793192415592997,-8.350828754350573,-4.34252737313982,0.868064784497131,2.294569005877183,8.195126412308685,12.216962100260913,9.241450733958297,9.677610163250499,15.03753630490899,10.2585601106017,11.203922955356965,10.138599647761849,10.999854925837349,11.010283650191493,10.051965060542754,9.244486726284284,Female
16.950820556349097,-5.624399311616072,-14.201222053988937,3.135791823510109,-10.212413471020945,-10.979773488791567,-13.876793786935986,-5.168433890576244,-4.0057629501720085,-4.8929644594144674,-7.535572563676101,1.2718977869020638,-2.829661720910246,1.622448128235153,10.285359755424915,12.845606349190014,12.374917603183178,11.395045667014024,15.667830817699738,13.976331149434753,13.470759307338957,14.7832237884276,10.82112397785541,11.167188724262678,10.050089490201723,8.990035411577367,Female
16.637338731329425,-1.1957463488537612,-15.468934805083393,-6.699490586401187,-20.72445907559626,-5.898491615144286,-11.757652771107347,-2.3459891373529285,-8.908303202858708,-7.145596450522393,-3.9125643310639546,-2.2973741311129476,-3.409071235939304,1.7254141296387016,10.58146361000746,13.6056906192661,15.298769896384023,13.480847621617825,15.401545397162497,14.971501526953338,13.855566908228461,11.993885750441233,11.867643883021668,11.595980151675096,11.02793047311586,10.095191523405845,Female
22.52849201488802,-15.938583975691126,-37.795064075825714,-5.240932373022147,-7.3081767531052915,11.507426087782871,1.3591964528928917,0.5559207320601485,-9.008579121180981,3.1288449686797772,5.653555166982038,-3.9216925333185513,-13.500805555547718,0.6396279681785431,5.076222096633784,6.978861612423133,8.23406793894783,10.328327145083405,10.659964297374911,7.756295510232062,11.331761541188731,13.900360665550659,12.686502555018373,14.103971686852734,10.176959001112863,11.4943241547819,Female
16.192049406254334,4.302153178492132,-20.676052532569987,-7.842858456142482,-10.768813004062526,-18.456455015706297,-14.134921541551824,-2.7504512312072493,-0.6221686879867427,-6.948389879973178,-5.374678147736267,-7.65069708808909,-7.709083989783297,2.445040129111341,13.284377436090134,14.836750780278068,14.718139590816605,11.462670776070562,15.123722252436549,11.198053715896974,11.966335941928367,13.195710798862901,11.0321790592207,13.228131225919883,11.209419066368737,9.714204113863572,Female
14.398286067194297,13.33375965620877,-5.802736913089645,-3.779799609787002,-13.447848187948555,-10.617493539855127,-9.939050648592143,-8.161434674618965,-11.312799015732582,-6.557732668598974,-6.680422451178226,-15.03090643350653,-6.783533984591434,2.1179767865672923,12.346430591632993,14.447798235308426,14.703622432372715,14.334603472545782,16.020285479136316,12.153578918524653,10.939996984181644,11.429090160990025,11.902074374407322,12.19361754609415,10.639331114518676,11.12413173425174,Female
18.276626628210032,-2.2364860692981794,-23.09427661407879,11.142920145960295,-17.28445373139528,-11.275331923856156,-8.232860013305206,-1.3016365957056402,-3.6529159722044953,0.24948593384296205,-13.597187852654036,-4.640403888552108,-4.231491873485406,3.642560474168672,10.034777723112162,14.466199149885522,13.509817792086276,13.978567785028773,14.879922199518866,12.435001820864471,13.183643098447686,13.646728805739897,10.676270673367025,10.571592872516963,10.86411925394998,9.437209528731213,Female
16.473348128560854,-8.495720790601634,-15.163013437816511,-0.9610924305852868,-12.60233553370129,-10.78994163353651,-17.9807816287486,-4.316541013470461,-11.750652376383409,-10.101647459188712,1.1810045424726263,-4.5176365703151316,2.2551085786210363,2.5301515169789024,12.50303720353716,15.351881918189552,15.260702879369404,15.54985349424569,15.065320667673745,15.921780068320162,12.592362094855131,14.34529707668992,11.891785150781784,13.517675830323011,10.693683985886992,8.087907369892282,Female
15.660409438047992,8.616194013512283,-19.103856871684297,-12.74575630578281,-14.428487644237444,-12.480496430773204,1.0086757265701551,-2.2450302358020227,-9.681744918284977,-7.340108233819439,-9.558621201812254,-2.242230473885534,0.3053936372131955,2.872503294797526,10.475812390288201,15.856980561146422,12.303335576530472,14.626758783466835,16.291294728586507,10.676037355734552,13.852881152812746,12.17692988908342,12.493692065832393,10.47378285147305,11.072414618521714,9.602398272981263,Female
16.465210979446272,-0.9017429746898334,-15.107964698787569,-5.317119311989303,-10.335849669085551,-13.608391372065276,-10.15345356462703,-12.369855002523813,-10.878368368091913,-0.3801246236797073,-3.7509690386674372,-5.543056924722772,4.202126393365894,2.7819262334538837,10.989887682617194,13.992626271011838,14.653131823460459,13.409848037236593,15.102177933568806,12.16343136369192,13.299451149012164,13.616032633957627,11.430518631640865,12.94429586060544,11.433771067556359,9.348064697556682,Female
15.819717886653686,-10.834344589420725,-9.837931316888058,-2.6436095061477927,-7.267402183628778,-16.818697023127708,-14.486033064505964,1.1220052995741305,-6.91147387028997,-11.349464411995571,2.978310573702298,-11.374081295062359,-4.96649080840191,2.3758561839480667,14.521644816575092,13.906885321880566,14.399412783998097,13.351727164575347,16.384439322267877,14.97688312710243,13.294382581254592,13.587788327880244,13.019449961268922,15.001903213180064,12.892567727377383,9.577483860908222,Female
17.58778292261042,-0.8260578566084098,-2.070240531553263,6.348638520654787,-14.519025399927726,-13.29771572510634,-16.662248839358046,-6.509968205150467,-3.758607962766088,-10.24771608244283,-2.566264919473468,-13.154762994623306,-2.050259786826102,2.451380893148404,14.44344893997303,13.475268459837812,14.505419239902675,15.111318994724964,16.24811771999177,13.272267145529959,12.90864698203214,11.386811616694478,11.645235079212465,14.13254991619384,11.85737535707709,9.474671553355082,Female
17.03278946596983,-11.714575512193885,8.394757008919989,4.0422432236260875,-20.23519140971596,-25.976141454131383,-16.24476490412115,-0.11456587071668844,-10.906640180455454,-8.14777652879938,-1.8302972111515254,-8.157105539900085,-0.485120348325793,2.366448887071996,13.640241373001837,12.284219003530003,13.360621190765329,11.768294560213468,14.792506870094638,12.376468846226617,11.7617337231767,12.278216171551753,10.614931347447655,13.733464011875263,11.0009255156897,9.96931930003246,Female
17.49661273403057,-1.8449344829798502,-10.739262892485852,1.0189223384505652,-18.762842844989635,-11.0344732947799,-6.320069502371864,-8.668803209367066,-7.135185219884324,-9.424627879275219,-9.6196724469151,-8.733508076149903,-6.903239176189097,1.9206792633680372,13.506091088546402,14.461217340968734,15.54884640877054,13.669638283593695,14.416747080263145,12.31605350057416,11.958864153589342,12.800812693624193,11.759158837516365,10.572178965610963,9.683136684860855,8.342017657051832,Female
18.179397408530445,5.148237514175761,-21.801598147661256,13.030556353040096,-31.364703719305698,5.126621718139105,-22.831662289582688,5.517810147331612,-12.119183462680493,8.117443925748816,-13.517495196886143,-4.365738362472422,-0.285391614837517,1.1311658862522038,3.7019715342864528,5.2776039603221845,6.831053923725979,8.567443981983407,7.775107199882092,9.433270251003854,9.434134579806962,8.845461813637147,9.026095493554877,10.09744539646279,9.003814992052106,7.3192969388703375,Male
16.31333983350876,-10.667864073143692,-16.28093657004705,-4.148378436232952,-5.601447918330692,-3.4506302616360998,-9.743513972769124,2.0928785870318354,-2.9266167594444754,1.8552062713519437,-7.883592079753097,-4.008659187971827,-7.631951669776859,2.2663309371852223,6.229888672966285,8.193957474623671,8.02649117604755,6.238872703494571,13.196736033918501,9.634474905364682,8.630495659935871,9.364855472398833,8.216692591132066,6.777003794562279,10.01737535394265,8.190139817769687,Male
18.721090281712414,2.9523599995830336,-25.50106362574046,10.524600761411614,-22.297968017399008,-16.474823774570794,-17.183265690090504,-15.266261901568697,3.6252156307832064,1.5720889350706126,-13.513733000109132,5.037983451825658,-7.24458350737212,2.9013600280077667,7.397315603587425,8.957130188323482,10.296808170398355,8.887137719222602,10.833978317904121,10.50239912269214,11.258054698768136,11.525179932583717,10.613063014147079,10.138177757306195,10.433978983014946,8.452758510707364,Male
15.36747782160049,5.28671226737402,-5.519550593875272,-4.987434814283981,-12.057611424847513,-5.61255058130417,-5.598344366698483,-7.675299887888838,3.1054632226665992,-4.892766429818089,-4.923522237835824,5.596487119518816,-12.254301576221728,1.6554347648505752,9.68332365325247,10.965878656289208,15.622157424346959,9.38542705454768,13.080446018275978,12.992434812827167,12.0587415305124,14.531233913807002,12.474231107377324,11.043376149211195,10.401797477831447,12.782444640835214,Male
20.4475853491595,-6.849754283516188,-33.521776312900435,-6.550258265564445,-15.495107502430098,-4.223482106117835,-11.540745548757933,2.3951361389789,-4.181472094806936,-6.664287216312575,-4.623348998953388,0.3430133458074404,-2.430548679713318,0.6368434685541388,5.619484200363992,5.124636875636968,7.137357861605688,7.152394686193143,12.618313999885444,9.703664679720845,8.857056294634202,8.719681863990507,8.827879692097016,8.813753369459167,8.526208180594367,7.827453251173832,Male
19.539218967573753,-2.134884971497783,-9.884892580311073,-0.39514482865682826,-3.1971700315778446,-15.403749440324516,-16.916134657532556,-6.459553709251633,-12.048418135507802,-9.87320170001953,-11.934085681354492,-2.9493138438371784,-4.718948192644135,0.8234612884452172,7.098812617236547,9.697363711018895,10.713270759690651,8.419582700588247,8.558743134926129,10.169849760376627,8.657119863637115,10.06848266736019,10.413420204731365,9.21917103287269,8.314896158788539,8.27480756789293,Male
20.453100204274474,-18.12431790980593,-1.893547253112907,-18.96228381589417,-2.172696048088396,-14.955214550488455,-16.697160404378547,7.873373334244788,-7.108014607998826,0.745851887830538,-8.136681904468114,3.254007305227384,-13.816273525355845,3.111201174234127,7.278349707868248,10.771643309107617,10.265298458636353,7.983671722722031,10.490214418657345,9.782148079730964,10.304773783046127,11.906294857966026,8.359497983595137,7.770397682470612,8.798912739109856,8.54741971021265,Male
17.05668219439315,-4.3912086053102435,-5.085121518064161,0.5650418206762484,-10.208707384099167,0.6085731787044731,-7.860632790502572,-2.9378429261607644,-6.317011023176835,-6.1313140026400195,-0.7445472690990975,1.6555393924150927,-8.536397809451788,2.8707149323561367,17.71641749409997,16.377719520742097,13.970210978422141,17.928069511180055,11.87386938670229,15.38157686498628,12.30514960088052,14.48245076977916,12.487185081801513,10.738455891393867,10.460339306902679,10.802505364269832,Male
20.60512773742937,-4.021916075222336,-21.64176614079843,-13.123043505299176,-16.14049794573122,-1.0199162833452227,-5.327871571591517,-5.06476691041968,-3.146310426409607,2.407926598567468,-9.014875439666602,-5.292349987488708,-12.855000699656955,1.032431940795597,5.330288593993319,6.974341163194315,7.563401021933347,7.88702380410232,9.957887805508983,11.4931658749794,9.514143930919161,11.782128590612015,11.47173685000826,10.748356336098459,8.707168509660267,10.32107179563912,Male
20.687076577273185,-9.044412218366901,-10.872090424272926,2.226313482966933,-16.653253005845087,-9.57173411138375,-14.143801634703456,-9.378143648207457,-8.791385270882719,-6.980048257890697,-5.4081619599762005,-3.5240838857886096,-6.384593239825111,3.2841870388659933,8.939996235103411,11.296994408262663,12.85933306719511,9.716008261467868,14.227177830497764,12.173271943113788,13.376554324914803,13.920630846764187,11.77357162609919,11.62395190755546,10.12294485261001,10.844934183282403,Male
18.0209718468314,-6.309729807242258,-7.403756002617741,2.0310360560594347,-10.607789110259668,-6.197887048864998,-7.268284396961418,-4.823066569866651,-1.891233623612279,-6.134126694284379,-5.517632773974735,-12.641065623378838,-14.991663697551543,2.0998533749338333,14.30515061974374,14.725023918627858,15.379002064312676,15.018542844011941,14.641615786627133,13.149832826727662,13.198410491831742,16.039252163258382,14.036652459326582,11.16498897078084,12.822938330703726,9.978377995632552,Male
19.724197402904306,-11.808136888991793,-26.96257957138779,-5.29652289391705,-27.41663246185644,22.14849485079802,-26.52396510001533,0.12758210180745047,-6.541545938330294,15.186842667153837,-6.738846435750347,-4.140495254078208,-12.683062467993851,1.9706033413455537,8.178274872648444,8.841896777864886,8.653188073267975,11.427588828760907,15.571800062895775,15.807411888819443,13.416388538448302,13.464978483697505,14.648391748384658,11.175360450084268,10.484706265816683,9.609466828682255,Male
13.970304363055721,-6.6767522115493065,-8.071052793758154,-2.138848164671327,-15.650231469766146,-9.880682281155995,-17.619542300532384,-6.613607859711686,-2.687694542586785,0.30141667371277253,-4.421970496879448,-2.0254571361805294,-11.014363513998676,3.3579114040048825,8.931437520940408,10.520274574044377,11.923238967255893,12.030105011390921,13.223040315484798,13.187017904953372,10.281375017575908,11.826102887335317,12.943200620372169,9.675268284752866,10.736539741133047,9.88620547769204,Male
18.03380683533039,-10.49469106901113,-23.772875859197487,-1.919791881306243,-7.930661666344695,-16.262610964021828,2.2919461660288336,-4.713583877642249,-7.392676511810681,-4.218639213574318,-5.002926262457209,4.450962859485266,-10.012357027102764,2.564348277136032,11.028149744789916,12.616585903545086,13.842544334899044,11.38145828317243,18.806660552598277,13.945693902573195,14.83410244911023,12.714700839879221,11.48020142396864,10.922292351060213,13.123585114274142,10.829994009333321,Male
17.205564301865735,-4.473159474381687,-4.965917563563606,8.495779229215296,-12.8462848619533,-13.368424905763233,-6.514299346196515,-8.213796888700967,-11.717500548116819,-3.5203762577000846,-1.9992014638655295,-7.276073338440122,-12.527497193047418,1.7559561677983535,7.797513330848444,11.850966984678319,13.889696860092407,12.623532026930356,14.810427116231393,14.90432919165633,9.861641574613927,11.080710969216133,12.45743202067845,10.62452541969166,12.032423744637713,11.391625844723041,Male
19.20654984541387,-4.207323027007593,-22.521285245013118,7.818667360992359,-8.192187072329148,-12.396089706975335,-18.71636328217779,-12.871686709972849,-14.289364543490953,-3.3620496106205673,-8.0191217841044,-6.85640223959924,-9.144431776321179,1.1855310063384188,6.589279079593179,7.829390811468609,9.87610079343899,9.91124776176562,8.010422320539359,10.356897805754949,10.162501222061847,9.601312933400163,10.588917034175653,10.465271799009994,9.722608783984967,9.086652222620708,Male
17.46855352457655,10.291854845998973,-36.359794644126076,8.82661899054998,-23.533953746733555,-4.649938514925777,-2.881830514481859,-16.391437765873082,2.777038435877058,-2.727314830834577,-6.40939129747893,-14.641629982669754,-5.659318613058561,2.022137919797839,8.085830815665238,8.279578216514235,15.426184509047994,14.912571966698094,14.519535474689159,15.43024650740011,10.138648668228877,12.196004629308142,11.85483921459867,11.032673445541842,10.971424084989799,9.413371546062988,Male
18.779990908141638,-7.317319448747899,-12.210347010690935,-3.670443368952288,-16.218619034639087,-10.58985041804488,-11.809271961690886,-10.77831221954902,-0.1167546667838258,-6.814967554044147,-10.709213358858708,5.909461491671347,-4.087296034746922,1.7978222136711597,7.586284965606202,9.721876556486551,10.613830886521628,11.908662570326106,10.25619565231439,12.334711427362196,12.446759113105065,10.792657398204165,10.484470125494951,9.776229484270306,13.225679491044065,8.455913010060467,Male
13.932899087882948,-9.56623974822465,-6.792663457732945,2.002539393580849,-15.322882899841618,-14.412698761655081,-13.31031051993875,-1.8512894346302735,-14.032156767903558,2.2489047255014327,-12.85485577228638,-1.3101397092971812,-6.9185743390250485,2.4209514227828492,10.61968608065939,7.638146185962204,12.25139431414177,9.177109339110938,16.057811577569577,12.462752106135985,10.22853289172416,11.685802230829873,11.136484847969259,11.523107371807848,11.944677680951147,8.841072644886376,Male
15.415396677079805,-4.9447967447233125,-12.566370259996614,-6.402200638033721,-24.90686557506788,-5.933655630947435,-10.476582139922261,-4.143379733452937,-10.613327473969106,-3.165309113896467,-7.02862663865813,3.723374436191693,-11.624441750125195,1.694361564251861,9.653794310217089,10.460612812993224,14.920353633383998,12.494842948038242,14.326613612864948,16.363401740983406,12.985913151663743,13.117644058075548,12.512510254087536,9.839269106935408,12.52798209742337,10.885749173569755,Male
10.618275227563231,8.739771730082664,-31.00858385557275,2.563617832450316,-7.225538609755629,-26.855902392397027,-9.99029909583083,-17.55820299712315,-5.217318822505929,3.938616873713168,-4.92615545476364,0.38297016021119,-6.283390411376244,2.338357327104326,12.114369447207142,10.427115975721692,14.38401163714942,12.815453823492204,13.164892217923178,13.776547455547716,11.138796028474985,9.69400262178148,10.384443255343735,9.256410900618656,8.25148793126499,9.88783415557297,Male
20.800275126963886,-11.869249633144076,-17.085511490744423,-9.42800544780927,-14.188365344745993,-18.580074870511098,-5.002092611262082,-10.577293954096385,0.5716446751270087,3.8235300775194694,-9.522025644900474,-1.339652758793075,-8.90325151302141,1.3221190999981665,7.902574944647269,7.158738896173044,9.68269455140465,8.82280405773755,12.988184357993331,13.206506706323081,10.760867253106975,12.893792720289081,10.524985890121556,10.84890190189325,10.839067783365584,9.5582062991251,Male
14.373404302266094,-8.318177315420488,-6.191733629375394,6.17796492365285,-3.5189687713886872,-1.4380107926421417,-9.167881220413003,-6.990047419700762,-7.199266591083036,0.14008768802194158,-10.586688684869687,-4.389069891096101,-8.355214281824653,2.3449846060398385,10.233355009110063,9.829041333724673,10.491203888960122,10.10807382467838,12.048210358740027,11.717807676618811,13.33114698927527,10.162340858318249,8.984367651030489,7.5649058169691825,9.413401640250017,7.592324170815548,Male
17.50280004993848,-11.552965954625087,-1.3064160828192892,1.6265871493974446,-11.386935334221917,-4.15874558429039,-18.28664844579841,-11.01296530281228,-14.40244885166484,4.27963517083686,-6.823510076819538,-1.007971146059958,-11.718333174184565,2.0363823356360466,7.541122513950687,9.492178610540243,10.413019052952949,11.552000041491153,10.054917998825978,10.38323239805776,12.318354066005861,8.906859164320872,11.49560895584191,9.680339161268884,9.826383528842499,7.89509508887838,Male
17.647603319227187,-9.607032348811865,-20.328737113502008,5.359761288859867,-10.171524473935435,-8.153173037783818,-6.442711680940084,-10.744918608334103,-4.38695503514868,-1.6572087460289515,-3.33068931251482,-1.4986533574784082,-7.931127331592957,1.837903172726807,14.288536710872984,16.264612281425265,14.408259886542197,13.784871493538867,18.19014080968599,17.228363553478502,17.057714125936517,14.02187226997012,17.23285477549522,12.816108190236708,12.3789208541954,11.860592456780012,Male
12.26496684293193,-4.655020751357791,-2.104403134521684,-5.92392976193276,-13.284173590821366,-2.9362397627585413,-12.748513281107044,-2.137565863731048,-6.3282020844762865,8.807482207477312,-7.672951221226407,-5.995859549650667,-10.923811504004036,3.474244198733779,13.892691244979943,12.276985659253972,12.197437020830183,14.627482314836424,11.084062395142414,17.69074337834599,12.205775993434811,14.425541158747775,12.954685899577148,10.68827081006387,10.555932713386937,9.445517882039166,Male
13.636065388004019,-16.994953773639235,-7.077912806568045,-4.269199649653393,-12.913923125637387,3.8395924993430812,-15.133378366420219,-5.49614466217377,-7.438127689418108,1.689235604455089,-4.629638230380432,-7.960042225353259,-8.967746937832581,3.2503912975903013,13.582208667531559,13.21918866086826,10.656297311006245,14.471879772549116,13.310758794507608,14.232150160979161,12.580468766620038,12.04689997345645,11.719580619479741,11.874609511736157,9.617456929171881,9.1758762987112,Male
15.350758601242132,-7.1989410697027925,5.023375734425114,9.375755890298196,-13.154555359949164,-8.867823918135707,-3.9663308902790635,-10.15523667385982,-10.029783140803294,-5.819657275677646,-3.158907815513641,-3.7759652117981415,-5.90430037420638,4.050637782961646,15.276432129426778,10.988079305308162,14.720909586155901,15.436380167142305,18.77675548309389,16.076681820283223,12.774881390441813,13.770233593911072,14.986751202804408,11.502188928269442,10.462483720945283,10.885494548121347,Male
16.229299938021118,-4.811248709490379,1.862081573912839,-12.17061239838245,-3.148519747581324,-9.267889649874995,-17.08583385440746,-0.8951897422663899,-12.395033639670373,-5.1689718411578465,-4.673557987370951,-2.5129253417857584,-7.524485411048539,2.0821384483667664,10.62997524977899,10.483048982033141,8.994642721921572,8.70387766936188,8.447392901180706,11.756838950026363,8.294427138305606,9.150694958340898,8.072438083848834,7.915293704501654,8.321789013326953,9.456221142614117,Male
20.0845721447823,-8.743089892482464,-26.306161921152672,-12.534384574409932,-17.381097512684995,-6.000870434928607,-12.582218944704344,-5.476913818824206,-1.903741450374851,6.388145175826115,-4.831133150453829,-6.179779674859932,-6.3880784475424495,1.3475006974186972,5.612853977840875,9.96634546006085,7.793818713468045,7.9224540092871845,10.504185768085351,12.002002687506184,8.455862906065224,8.105607042816537,8.134793300954154,8.473224205995503,8.673060163002894,7.7472299196086265,Male
19.451284980328026,-2.0513086645958998,-13.832468374450155,-2.054296994558044,-8.128913688623634,-7.891509504604932,3.7396174514363514,-6.909495769679548,-1.331227519933873,-20.52084872973727,-9.23784182589493,-12.761372395014423,-9.189870280549844,0.5874915707022172,6.249736053585886,8.538780456446139,11.522058253776315,6.197129312151448,11.640551191943084,10.333212144593077,10.714983274820588,10.450236380752143,12.440530648727472,8.481849270918895,9.187153760796253,8.599934895134313,Male
18.201662526835232,-15.166833610148299,-25.710595570687747,-5.522681263228526,-7.1641417433521175,-6.802283719971859,-6.1193092322594325,-4.093365554649196,-3.615846643377436,0.3830796440860144,-7.158382848617496,1.85031010279861,-5.259357390378798,1.5782242462779494,9.377645914617727,11.815667286761173,13.566232185025687,10.759934935154952,15.494351162778948,15.23169280058452,16.760068154752748,15.357803403375055,13.264663981077357,10.965778620144741,10.931010006099212,12.744848592170687,Male
21.99791013953285,-21.738878941832706,-29.24712509139263,-3.139415104508678,-9.023204290392465,4.729735705134492,-7.337292943465897,1.2561344053792176,-4.498473155732397,0.003901564233881694,-7.323443125947077,-1.2584713939217904,-3.082554729184028,1.2616079402666407,5.875704853043407,8.58961723639871,7.176716771129427,9.143831983033488,6.94618449605003,8.169658924274916,7.745904614361913,7.078546722071217,8.16517608106709,7.037071565632138,6.12185782804533,5.629619084093684,Male
20.770654878641523,-2.672063205667499,-27.35033828463856,-17.710992971270493,-27.58635648350218,0.8959541792471079,4.767710949642762,0.7651937987323559,3.3703455212269873,3.4730094365292303,-10.235281918305459,-4.090647999408503,-4.887421549872479,1.4592100112132989,5.536826594890214,7.546218987133799,7.621071682019149,8.872714573429581,11.63971578649729,12.23953810636676,12.836058164738917,11.265542565248598,10.37070475538987,12.1862730907883,10.292981095003823,8.904519906419258,Male
18.003950168785263,-4.377320536551928,-14.585187541472253,2.8209731544353907,-14.131156800701374,-13.047036819128634,-2.741917802363385,-2.8739159848552487,3.602803143092911,-1.8388549650770827,-5.975353305994354,2.838270283571523,-11.213518050100605,2.011295476056502,9.205088362022918,12.577210185568648,13.184598410511894,14.086956928656612,13.672788883684492,16.37143199661665,11.628239124850756,13.363436701326204,9.982090372680556,10.673093568080882,10.148710860499463,10.1948372210066,Male
20.313076826244348,2.2853555074206873,-18.783127861573504,-12.451478954766115,-26.885042915837634,-10.10880104260257,-6.820591320364471,-0.9867204527939982,-19.596972883974225,12.570118270166486,12.553348889286921,-1.3489969789771077,-8.242307254290562,0.8121446727344122,5.631524412959373,7.395755067087747,10.48922724555622,11.14907299960438,10.703434637480767,14.63902323862818,14.996922117627209,12.835900134255317,12.743496284163681,11.017494427053492,9.517344505791996,9.95000315649595,Male
18.61083904651526,-5.068020419361832,-6.129964278684529,-12.68180287967267,-13.706316639368564,-5.20541104705796,-23.23261548624179,-2.982745612274641,-13.933245443098482,1.3492609203085708,-6.278844273239069,2.923925196093944,-9.525429896290847,1.6139406907721279,8.080680838759605,11.696944875906286,9.538419192378536,8.893190014138911,10.339362893981296,12.030871333502057,11.175777882845239,11.496426384292407,13.739946227099198,11.936650550900964,11.766597066208618,10.046256176395595,Male
17.34524467078271,-1.4041478686904763,-14.380616051932668,-2.6461117354652077,-15.739826252686207,-7.9079480870177115,-12.840898002926071,-0.7156209021367539,-5.156565327967306,-3.34133134325805,-6.319581507537507,-1.6758308855202142,-5.048465511692491,3.030006426151708,9.187671464985126,9.471503395333123,10.621550472118846,8.672484457943288,9.494748455907859,9.039008312346676,10.051190653137853,9.244436166520462,9.24977614379141,9.824163597183865,8.957824528952836,7.004711747138667,Male
11.875983396313437,-15.977813124194967,-4.7874951258460365,3.9344689068310426,-12.400285450785853,-1.0950508124031386,-18.387004475522783,2.0353309528650882,-12.234443552103425,1.5626953603172913,-0.7570198070784928,-5.330731810559302,0.4301337249338628,11.350774439136806,11.287150280673215,8.057522487684071,9.714295688413817,12.59751032637847,11.087781961124291,19.241104096730304,11.01807878287982,15.099006045758706,11.385790387107637,8.121850226717168,9.781373736574226,10.513514672816209,Male
22.499256843837372,-10.769303158396024,-27.638646171775193,-8.097284222564356,-20.2358199604747,-4.485929047206217,0.5709238270553286,5.22765571593649,-0.14903712440933498,0.9475868799699706,-7.521456248269781,-0.6698692644108369,-4.647533887472261,2.4160947487543196,7.09286094844039,10.984207888310168,5.941707997218586,8.084003038045196,9.496264469706109,12.550234378141505,9.89768784560731,12.317629735402383,10.718026232005426,9.359165197340527,6.488086493393357,7.396220125753692,Male
17.912551942583917,-13.473429145527263,-14.354718267481715,3.461997332510869,-22.715698488889846,-10.941189328787743,-8.920146685776364,-14.355091579169454,-3.3925050576756632,-7.8323988218067635,-5.05948699832149,0.15689108707607044,-14.702916014181847,1.7779046077161966,10.331234789490315,11.31287007852723,13.316625374259916,13.497183788638978,12.469868866333648,15.009996641886783,12.686589637857438,10.9149061505433,14.43865463787079,11.759859854989802,11.502246117286324,11.012427954000298,Male
13.175524306413141,-5.807833387123298,-8.311562607058303,-1.5003467447983296,-12.941587646591632,-18.762787689496932,-17.630663702895202,5.46491707546349,-1.868830589997596,6.465625894649644,0.2773798320456878,-2.7210063461303107,-9.554214894700642,2.7768897244868063,16.8134714878455,10.770208080074514,12.220204698700565,10.124112525358447,19.970668363638772,11.674094001140098,9.569984810120074,13.018044084620735,12.990541368753105,9.82508014737156,9.292761488137884,8.74657639900183,Male
15.70149676051035,4.093195053270654,-3.171112458718909,-5.520744476803071,-10.381104118534234,-15.536582348405119,-13.592391980205328,-4.7586909052688435,-4.216453780102398,3.180046967071587,-6.5072090627428905,-9.201968715100294,-6.613613200996468,2.026452140317047,16.328026857591727,13.82019577326507,14.16573089826354,10.753783361127395,17.14444619890443,13.379615940649199,12.31832601649677,11.239067554298833,11.808956883122798,9.51439337049031,10.118122113958648,9.00352205958596,Male
15.311338191906874,7.099921816999408,-9.965715752164593,-12.029539296179788,-8.571309159083492,-17.652309874599514,-12.250619455268673,-3.1356533491994703,-3.4790639384563065,-0.32880000945937254,-2.6489698380369884,0.8802326445678784,-12.523894198893462,2.616374600352757,13.003515173728566,12.029856158926261,13.82891467946707,10.760615676210351,14.999629484705945,14.317934294257054,12.505403778993136,13.732967001224651,10.436787643629227,10.282167937114831,11.807153831385293,10.716692873945998,Male
17.454477637052364,0.16110492765375892,-10.3548062210287,-1.3288757092751164,-17.62835008754698,-10.775889807500228,-16.09844598462661,-8.114122553089082,-0.08847952384473569,-1.723770985362938,-2.197223880986724,-2.966915778974431,-8.932388033639242,1.5930929722127798,7.318553487927949,6.962440231882192,10.322868639573228,11.612829792390858,11.55963784741589,12.754007118207062,8.748941467655673,12.499894440306454,10.618759656226668,8.661679945822842,11.571464755463778,9.990143729158344,Male
14.85271031581373,-8.135927763673292,-0.8676708494336576,-3.6127430989470293,-9.445355721735934,-17.51802397115996,-10.537186889673581,-5.065925317617317,-4.606758073739397,3.6295786796674223,-5.9542777007745125,-1.2819274830919885,-12.859750772564398,2.5597983439870298,10.526471513378896,11.1649170358608,14.811269787212696,13.08580119006202,16.19199207523313,14.08986973985413,11.511208061462636,11.561917864799629,11.096829108570692,11.23705686365025,10.243928096278575,12.41513321654558,Male
17.961567570725826,-12.365265914851925,-9.255206967928673,4.49059510917771,-9.923794143992593,-9.195396617466347,-10.320383630906703,-1.16621847056583,-1.3227507960504084,9.43299225454198,-8.314129163595137,5.8232256004600735,-12.962606308488043,2.5012374643304858,9.976299395709608,12.212023581248683,12.874479159483279,16.242333734147238,14.102412534817331,16.9298774642109,14.52254058737074,12.536126677014861,16.016741029777986,11.254726312453274,12.192009877588147,13.5252598975714,Male
20.345762049249394,-15.423882337560133,-35.01838651353125,-14.128768058973858,-13.695885151599683,-1.6522552494533895,1.1051981630080092,10.167837153740455,0.8237910204335029,-0.3621360228570023,-12.268344820915798,-4.811529669239699,0.1575786019935577,0.2824743828622695,3.3294919565663603,4.486747874144221,4.727198242403183,5.887418368528448,6.243279828736492,6.245713421207441,6.013144836160666,6.737069512007937,6.712716678662758,7.737473810185252,6.809938877809661,6.036738605027429,Male
16.32809239205647,-5.009100008086033,-11.695614812366072,-3.691102096334925,-15.251915170688727,-9.748575572849187,-26.02486300752758,-10.535446943786702,-14.232715608483794,-10.148508750028792,-5.20052273366345,1.9312191425263052,-5.561637509635913,1.6306722141523002,10.940256311619606,7.90086640712253,10.91868676958452,10.05070860738403,9.349185472858775,11.741516555546507,9.77939925498114,10.062600948813937,11.732850005354667,9.287659243617743,8.768482802947716,9.207359630406366,Male
17.864814542372503,-13.881630427898491,-15.408433500776841,-11.445587761397045,-12.906617144896996,-7.1860189580755875,-9.608746149427432,-7.133123557584003,-5.20975240529035,-7.159656156409085,-4.642793545888655,-2.556720032082667,-4.537506988527816,1.3615795488567988,4.1588291101675186,5.403376706525932,7.787088624016928,5.712244248363563,6.6471651762229405,6.829748776648385,7.331440577618517,8.363172388011717,7.385987913713136,6.687236448197879,8.1340493743753,7.344788571468762,Male
17.404966019954426,-1.3077816691228397,-12.228807436266884,10.822309793625024,-16.88830397365116,3.118307884230688,-24.600160351757527,0.41372349186769797,-8.032272198347027,-0.1495026330600774,-5.514786266110916,-2.637019010496264,-2.958115021846091,3.0688748346288555,14.339228043460956,12.710606475242816,14.468327788802393,15.330531949347902,16.023834489384686,20.556656652724538,17.573807415535928,18.006153641999077,16.51526012956882,12.08235088853071,13.057575462861868,11.11044772200771,Male
19.900578170401857,5.292453015167985,-26.663011441728614,-1.7872711306187288,-9.187840877590325,-10.453145176221648,-16.084049256240693,-8.099524999428928,-3.641244238886236,-1.2053314046492996,-7.2466777109977025,2.7734981875201687,-18.97639858389471,1.500851918148386,7.196351194653359,7.642161480138842,13.525760582644049,8.914018459242344,13.030525653831988,12.473134381554802,11.707065303269324,13.650253703373188,14.974620306479071,9.830310885137335,11.997463995464239,9.155963787908572,Male
19.422022734158794,4.180879992676165,-15.550635939638186,4.137540421356652,-7.750241102515176,-4.6835379871164164,-15.21850050445496,-10.609732140866006,-5.156369009807566,-0.5617502843460696,-6.16945608393283,-3.8825788655454,-8.749412290777473,2.540808823355688,15.720289815113308,12.329752125166333,12.997405011820971,11.606233479353877,15.456300843368078,16.24435899326756,13.609941514000965,14.694216646485808,11.941239276396502,10.908205242414319,13.58007087817107,9.174696625907455,Male
18.50173526791199,-11.945342227175964,-16.81391682884057,-6.42313597922798,1.4009540176508024,-10.69938011779098,-19.004816888934403,-6.473366354050692,-1.5591831009722108,3.648384905029564,-6.971442009205295,-3.0686049238632958,-5.8851378536096,1.904308262683272,9.525382210899895,11.712116582018318,9.972811491607665,9.570362932922459,10.911989084517574,14.358944333706518,10.533270805272611,12.79671906790647,10.283657023367034,10.401525964586604,11.722154000987862,10.328266058431986,Male
14.339081649687289,-9.965533634653536,1.5294843622432976,3.4417814063002248,-8.421610609252268,-11.598393445754946,-15.497889160270384,-6.268493423115184,-8.527238191261583,0.38886592246450313,-2.4557020940886325,-1.8732387862383284,-6.650358861669836,3.016010037565636,12.452638278025987,8.703517653063752,11.391942428463878,7.441903955256091,10.437231643004957,12.016292453178767,9.454552225313101,11.337130093544172,9.738649469908093,8.282950343226071,8.550060149102112,8.958376017612496,Male
16.52022263089461,-0.1757540996490108,-24.307158824493133,10.184204663058908,-19.68812570397148,-7.177096932526044,-11.499982250507163,-6.89226894563509,-5.898813394667793,3.745194932537039,-13.370319191253722,2.6699898838864273,-17.870233502617126,3.1922196546384964,10.114701175967877,12.79292575057816,15.57081335777787,11.549866465571371,17.87363002442572,15.936437512843657,13.47749718590329,14.731722938635432,13.9401291805216,14.274763128552829,12.567254599668155,11.735337113877144,Male
14.936170153008838,-3.8252150799383817,-13.241502842767748,2.1310406226665575,-16.13255179908173,-11.061793159309595,-9.469253591585492,-7.608648645946098,1.7823790294241662,-5.002794785183806,-5.892460665720385,1.9073046154716389,-11.110731999737354,2.471313396979954,8.003007542866579,9.209564123147953,10.121676512936556,13.380086154481427,10.249145173636828,15.6392237723782,13.723901211903188,11.828881472630691,11.513352702147646,9.983115952732433,11.698251895253518,8.803543292828065,Male
20.071154622250756,-4.937711422096037,-26.93729672733355,-1.6204370184142323,-16.765174290848456,-1.3478360795960669,-15.868042653315472,-1.5555903958338253,-9.854213501745404,-2.267272259993666,-7.39717141957543,-14.006738006640449,-0.4475972926450866,1.5995649885809802,8.580888406009512,8.883186245695482,10.747619893868684,11.159068724396887,11.493429159205276,11.841968402060376,10.594447729601564,13.421884460437584,10.82299952408721,10.689744308101789,9.951589082891973,8.31648945356628,Male
16.145294919001493,-1.8912312463666066,-14.532054070837745,-0.23644416033500093,-18.56888075353591,-14.120570981615527,-12.606831933716444,-15.59790564027716,-3.3381007626407584,-0.38325424123329777,-2.0404967113581884,-0.4062767295435289,-5.984838815700847,3.1807318428697045,11.022883794395167,14.351565523594845,17.646470929681794,10.85589578426261,16.287244438173428,14.654634160756615,11.720417821546306,12.867203130151422,12.266361107393426,9.966400233338454,9.340593946085637,8.688546116405327,Male
20.520223412248072,-12.054505490884377,-32.895035136945104,-5.632293567465101,-15.735845111000504,-2.715660436002404,3.317202934319532,-4.38202778832611,-2.2822671058876014,-0.3797031809930957,-1.7084772935716257,-3.9886700472444976,-5.413606652748321,3.6004788283307776,7.300566458216083,9.703724374408504,11.908430774214647,9.870050250284656,10.935416313320601,10.92755062253697,10.631028982300261,9.573785224046068,10.23014348217322,9.19707724283363,9.245491656891533,8.434075969926475,Male
17.147707412910275,-22.853910084190133,-9.477366802967776,-3.17716311446583,-11.637183414721322,-5.446302651482661,-2.6486693768200538,0.45150950722547245,-12.039159071375057,-5.783167730934231,-7.374263224110438,-1.5406869607451317,-4.4028652302547675,1.9574233392339289,8.243547151875916,6.419575187862412,9.201919316044384,8.541932606193821,8.317172617806575,9.580227288943197,9.949861918582581,8.727321333834077,8.45207866362218,7.508476703177309,7.930423238126306,7.05246009510387,Male
20.901349124303028,-0.8625399768402445,-22.770646899417358,-14.812957574702775,-13.493955329143374,-8.88980812477467,-11.445995372714695,-0.11927308650227822,-7.921388066722891,3.945919006175488,-0.9464251547030573,-3.15944001431947,-15.081261229651396,1.109640874107552,5.7493359874533585,6.134112417787692,9.920968632915056,7.869760768710626,10.379797226333592,12.678201117421088,12.368627546335246,11.808598518927406,10.294824797881923,9.397761147536855,9.740881548245639,8.71106644964852,Male
20.096625391247805,-18.523234057797243,-19.854152206717306,-11.177225475527074,-4.118795082189573,3.8197659237079002,-13.92289474364017,2.312016619364099,-6.390202795855295,4.787311533354185,-9.886085757653476,2.2035121272111686,-6.5737973644320045,2.565553429571334,6.446526003532624,14.347301148451985,9.440962879601594,7.738142981470422,6.623953765684467,6.678328234940478,7.646744773649899,7.646615670999723,9.617972056636079,6.977335296390081,7.438920305985,7.020236654207177,Male
16.324569669913995,-11.43208559542249,-1.213662534331962,12.190991343721107,-8.971991480968413,-2.2029445833541716,-8.617970287589605,-1.469099770419098,-7.092991462437766,-0.5234012643483932,-6.09097108683749,-3.312833214346686,-8.093013601569446,3.210047926042074,8.406309599444423,14.938469576021003,11.457349008219765,17.08664961827601,14.60664681510156,14.984112491347664,13.65923996457259,14.644312873579372,12.579810414196997,9.227377650813304,10.962526494386292,10.48925810137475,Male
13.789730631650064,-0.10811435287284338,-9.040003132004655,12.064498500476782,-10.742065303275568,4.45708643232079,-8.206975743898582,-6.452052425246873,-3.3230176095777497,1.4340489288178657,7.337269721943966,5.102412517113643,-9.346609815538859,2.8776694370479325,9.637644877960787,15.798806081799773,12.38418192837644,17.110927989841162,13.698191286561183,14.432887937796114,12.39097057774187,13.116817101079079,9.947798680312832,12.041113135805784,10.923172707806472,10.702032760946372,Male
15.616892093938787,-4.418087941916118,-6.991194155273624,6.2624026664446735,-6.2524448044278005,-4.783835000594194,-14.681380296948447,-2.1818120300909882,-6.057798607680199,6.38089770934013,-2.0202902911200473,-11.460480978466618,-3.89267858100317,2.1437099338067758,6.362400220148868,8.59085758799579,8.724582993007926,8.402179477118402,10.4896007582008,12.422055709231687,8.750009323116531,11.159206949710445,9.212811320716755,8.83017941733484,10.108061046988189,7.323932797714077,Male
16.204190477749094,-0.9482693101064427,-5.905813225407246,10.536682006674495,-8.494573235295267,-6.6462729340928135,-9.876050300337097,0.8249155989196578,-2.3632674120559853,8.958273199443278,-3.7608009080583202,8.188359091878354,-9.77697255112376,2.3224936703441643,10.189642242134317,10.570316433317876,13.66527421692448,12.753421638021107,20.72488806208273,13.458973928353657,14.918183621610687,13.965266471889274,10.957292353020856,11.174547798938269,11.922480986878275,12.574273272716894,Male
19.99628611192673,-3.911302891985852,-23.57269800295491,5.789056433894653,-7.209343903553443,-3.533573154702516,-12.266085740563621,-8.743088462600499,-1.693243941245463,-5.835437020804712,-17.112615636035898,-8.39160190876398,-17.035041817754507,1.3409621673605703,5.989628216384242,9.882495393502204,12.24089188540514,10.927428440977053,11.645250892055019,12.155810495302239,11.702978636881305,14.757967396504585,10.083080797148904,9.956090751399982,10.329427583037402,11.794581855935794,Male
4.141139461409958,-35.34516859659284,-10.135440681700773,-9.807098059115418,-5.840466387380745,-3.073729169498897,-3.4035087879081702,-2.3486040329170454,-4.049973056688112,-2.2125468933797228,-2.9626466104888505,-2.3334487274018274,-2.168633916491557,0.1992769555999953,2.6738893737139775,3.459348596463767,3.989340922191263,4.094150241620472,4.306876447166216,4.7636148382469665,4.78059883259486,4.811460055330136,5.074433062041747,4.738267895417508,4.791971139748195,4.387147158873137,Male
23.742781227056355,-9.019940593591201,-33.342006856749144,14.75172066790875,-16.048405980764223,-18.849676010444767,-7.5675518782948945,-7.805177307565147,17.881513995583518,-0.10918232887744782,-11.358149702259109,1.4800211447375637,-14.60281766547315,0.8017194697089259,7.2015323548891,6.334718655145276,9.770447978524796,8.260423251870877,7.960877163639889,8.467434065626525,9.438006313480289,11.183867254066186,11.706690369409744,9.45809088648046,8.958913145419059,8.175947325686652,Male
18.144071713145255,-13.63896846441728,-12.554711042503904,9.184049115662441,-20.99693186823398,-1.421380636404386,-9.286383239833462,-2.453749162418243,-1.1398131367351656,3.0945906843593622,-7.780144120395788,-3.226011276995799,-15.21973796203278,2.422950245306196,8.036234279929852,12.552839526084103,11.40612174854964,14.665758197668294,12.725754574400337,16.1546665446045,14.134723493381463,17.319661059707155,12.40787369437622,12.453627811967355,12.805203907134695,12.164057537697419,Male
21.548554327073813,10.086534554331566,-41.68094489758424,2.2016127559844647,-25.220118362200804,-14.81006729515392,3.1986743154393613,-3.1892397395472187,1.5298583488380058,-1.753522085275256,-9.729568924592725,-3.6796710805725787,-3.977597024702065,0.5439397201974474,5.025087283491205,7.406783163399659,11.405185661165657,9.231713482156037,13.528909082876055,14.4288029253786,10.674576646583763,9.821590502159427,10.477635029655836,10.824833587493332,12.165869241560571,11.53478817366554,Male
22.071068924258185,-14.27942464933872,-27.157710691011285,-0.4952800477367641,-19.264925503523006,-0.27832262692243703,-12.516358465973974,-8.159363331219344,0.018533819909382368,-1.0038425552870485,-8.109654369881145,-6.637604246548444,-5.823471463363504,0.6473393992775978,6.249241614849294,9.728471220455049,11.435266168807443,8.690467403830635,8.26155595618387,11.859981707704074,12.638502145273558,12.064058068968341,10.532194738104183,10.211694784169056,8.68660644330443,9.061365853278176,Male
19.942775698116762,-22.105407399826483,-21.414417241895652,-2.5682345871244703,-14.461653129087779,0.01918273873592715,-14.92001439018029,-10.022919633427497,-0.43462681677234516,-2.736560562473743,-6.088822670279206,-0.3896500976399534,-3.4027674214398576,1.5595741985313312,8.068397556287609,10.672195482363215,11.808228884603963,9.634457378800656,9.919589760285056,10.832194321047002,11.48010883655477,12.785769775303036,9.001090523193666,10.088892708575628,8.326390958390311,7.7566856542619,Male
21.138280408626414,-7.285331269108184,-9.016501815241138,-10.052480711978609,-20.913928732490835,-8.02047356807658,-21.130119580339738,3.8818244058351303,-19.01165999562701,1.525458233294157,-4.070555983045162,4.441428424200422,-12.933924614622551,1.1356204930749718,9.93471955763852,8.890593000272629,10.150218582710973,7.339341270890136,10.037478473045715,12.367694946361453,10.54740810885269,12.21286444586232,9.45053765089904,11.132507617980949,10.80322397415736,11.172414937686524,Male
21.837725025538045,-1.647200493117072,-25.87029033740398,-11.812178190943518,-23.495308510799326,-14.424595035315557,4.510075628843692,-3.947221500395362,5.063127682344142,11.163933709291564,-18.233562878717738,-7.358118774519548,-5.305172510503854,0.5142204276402264,5.241333926391695,7.488370667067515,10.529086175215859,6.55656200296315,11.496432637495195,9.619712096568739,12.009651015079147,10.88293500976327,9.67215836594016,8.861551298953911,8.856420935248348,8.173431395548855,Male
11.510592782821616,-7.2269101283701405,-6.0201414406085885,3.590539976072833,-11.038016023891831,-7.458149818993485,-4.834314736028395,-6.205329572021045,-6.017220010413368,1.2743406538762112,-6.7705734492643135,-1.43628544282876,-5.304696147777467,2.4254829923435097,7.483414797292969,10.5414801788958,10.793105637687754,7.103840725497634,12.279032660261487,9.914980021289491,11.143206894060205,9.087823850765126,8.143429198728171,9.643265593654773,8.712607177144825,8.727446387172716,Male
20.81550071912824,-8.584787036364629,-13.61059920487533,-5.305185558927896,-25.717060326763345,0.03190594857866436,-15.597647264276617,-5.543999293273277,-3.876809645317581,4.426280852808244,-9.839592807844797,-5.580884085137462,-9.6165973721934,2.0952732432660595,6.493671186849546,9.239995382048162,15.3990463548981,11.20219169375461,14.920696496719916,17.415885158082215,11.138170304142667,17.358348617714526,13.564750726899051,11.902756475828907,12.381417064703061,10.496487613080465,Male
18.689649781568967,-15.352382659854566,2.724582426597462,1.4273742071233975,6.1837564817884125,-11.495620474541749,-19.956711832998728,-7.898023865391783,-5.1523183040634555,2.690502698713959,-20.165744702877383,6.32685433247522,-14.877984077922884,1.9311699094567012,13.2754501800906,11.691417895293094,15.77593686058012,13.56472176164724,15.6166384925698,12.323075875739024,12.187797551764238,15.420240968300423,11.612688201754656,10.884369245525356,12.172008675879104,10.58121024227872,Male
17.111353393531292,1.7809991758680743,-6.876766686055045,4.588252973514034,-10.385617191181028,-11.726214325440319,-13.652625788808134,-5.962595522288936,-5.678646276322496,-3.5844046747318274,-2.7733542531194253,-3.2163423535724545,-11.553744849134027,2.6862998642425064,11.68664067243662,11.989456144277598,15.39024048695732,10.831550551476415,17.08367793169231,12.899869907717102,11.794201988695592,13.142645854359747,11.20423786903907,9.992874563193045,11.5169605516018,10.703505765620807,Male
15.686056165623079,5.373864593331104,-6.175530842069827,-1.8909395014543284,-6.9063944810827955,-19.440927320222745,-12.672450661945998,-6.565440717466044,0.4465005511344204,-4.260857355987708,-1.3779376485589334,-4.264986545982696,-15.04617978080436,2.5300558488230696,12.966777036600806,13.007739936975932,13.996745588987443,12.831832521572364,13.667097374850425,14.536942574430189,11.392227909308668,14.16843316972703,12.854696179139902,12.006090231079343,12.136871871087063,12.373883340710632,Male
16.475792159037525,-0.4503998097790184,-8.16903051165295,1.612702801083586,-17.30204196520099,-19.54601923311586,-0.5394986084940012,-10.33076569135388,-3.814021075361374,-4.100699458372808,-3.083795036550955,-8.245132325235986,-9.348229643764757,2.462774760562609,10.897833079380067,13.337696820707437,17.13625163813925,13.821478389201221,16.862124152377977,15.736263042805598,12.175051618448434,14.467461425362654,12.712562083320178,10.800174464699731,13.306295487138177,9.769598504579244,Male
16.396734998518347,-1.5221304309260193,-16.992414049434462,-0.8879183907568984,-20.39990234483536,-7.516144216994016,-6.712700376054952,-22.294674544814676,7.347893172292313,-2.0633151885726297,3.7661266772643684,1.6596997653542287,-14.305770233343994,2.8682574017653564,11.884630991202528,13.73951284841864,13.873178166443289,15.316117086406162,15.399044027154048,17.21205405441112,14.341519004811124,14.473961749256352,14.816770367161167,13.219300496107664,12.508501296891945,11.347147864858117,Male
16.81043477234663,3.7956967277644824,-18.639290221392365,8.90043822066993,-7.599529561151535,-25.071868628903108,-12.46491871389539,-12.3529074733597,-6.841349437140649,-7.423606028056265,-2.835268037359262,-4.735720668669357,-9.613238903037859,2.9327887135033186,13.076513293842257,13.712497044242346,15.763302774350942,13.720500767186985,15.703004010584806,15.54309089217694,11.698533912408779,13.55144107118137,12.453877524632992,10.617668384010507,12.790164435457626,9.635317484602787,Male
